"Position","Name","Salary","GameInfo","AvgPointsPerGame","teamAbbrev"
"SP","Clayton Kershaw",14300,"LAD@Atl 07:10PM ET",27.433,"LAD"
"SP","Max Scherzer",12800,"Was@Mia 07:10PM ET",22.333,"Was"
"SP","Chris Sale",12000,"LAA@CWS 08:10PM ET",30.650,"CWS"
"SP","David Price",11900,"TB@Bos 07:10PM ET",23.967,"Bos"
"SP","Madison Bumgarner",11600,"Ari@SF 10:15PM ET",16.600,"SF"
"SP","Noah Syndergaard",11600,"NYM@Phi 07:05PM ET",31.867,"NYM"
"SP","José Fernández",11500,"Was@Mia 07:10PM ET",23.167,"Mia"
"SP","Jake Arrieta",11400,"ChC@StL 08:15PM ET",28.433,"ChC"
"SP","Yu Darvish",11300,"Hou@Tex 08:05PM ET",0,"Tex"
"SP","Matt Harvey",11100,"NYM@Phi 07:05PM ET",6.267,"NYM"
"SP","Jacob deGrom",11100,"NYM@Phi 07:05PM ET",24.500,"NYM"
"SP","Stephen Strasburg",11000,"Was@Mia 07:10PM ET",22.875,"Was"
"SP","Zack Greinke",10500,"Ari@SF 10:15PM ET",8.933,"Ari"
"SP","Corey Kluber",10500,"Sea@Cle 06:10PM ET",12.650,"Cle"
"SP","Cole Hamels",10300,"Hou@Tex 08:05PM ET",18.283,"Tex"
"SP","Johnny Cueto",10300,"Ari@SF 10:15PM ET",22.533,"SF"
"SP","Jon Lester",10200,"ChC@StL 08:15PM ET",22.517,"ChC"
"SP","Carlos Carrasco",10200,"Sea@Cle 06:10PM ET",20.725,"Cle"
"SP","Gerrit Cole",10200,"Pit@SD 10:10PM ET",12.100,"Pit"
"SP","Masahiro Tanaka",10000,"Oak@NYY 07:05PM ET",17.450,"NYY"
"SP","Francisco Liriano",9800,"Pit@SD 10:10PM ET",18.975,"Pit"
"SP","Vince Velásquez",9600,"NYM@Phi 07:05PM ET",45.675,"Phi"
"SP","Adam Wainwright",9200,"ChC@StL 08:15PM ET",0.517,"StL"
"SP","Jaime García",9200,"ChC@StL 08:15PM ET",33.375,"StL"
"SP","Jeff Samardzija",9200,"Ari@SF 10:15PM ET",14.233,"SF"
"SP","Carlos Martínez",9200,"ChC@StL 08:15PM ET",20.425,"StL"
"SP","Dallas Keuchel",9100,"Hou@Tex 08:05PM ET",21.167,"Hou"
"SP","Garrett Richards",9000,"LAA@CWS 08:10PM ET",16.450,"LAA"
"SP","Steven Matz",9000,"NYM@Phi 07:05PM ET",10.850,"NYM"
"SP","Kenta Maeda",8900,"LAD@Atl 07:10PM ET",22.450,"LAD"
"SP","Danny Salazar",8900,"Sea@Cle 06:10PM ET",28.150,"Cle"
"SP","Zack Wheeler",8900,"NYM@Phi 07:05PM ET",0,"NYM"
"SP","James Shields",8800,"Pit@SD 10:10PM ET",13.333,"SD"
"SP","Félix Hernández",8800,"Sea@Cle 06:10PM ET",22.233,"Sea"
"SP","Clay Buchholz",8800,"TB@Bos 07:10PM ET",7.217,"Bos"
"SP","Sonny Gray",8800,"Oak@NYY 07:05PM ET",20.367,"Oak"
"SP","Gio González",8700,"Was@Mia 07:10PM ET",22.625,"Was"
"SP","Tyson Ross",8700,"Pit@SD 10:10PM ET",0.800,"SD"
"SP","Carlos Rodon",8700,"LAA@CWS 08:10PM ET",10.533,"CWS"
"SP","Michael Pineda",8600,"Oak@NYY 07:05PM ET",12.275,"NYY"
"SP","Chris Archer",8500,"TB@Bos 07:10PM ET",14.167,"TB"
"SP","Hyun-Jin Ryu",8500,"LAD@Atl 07:10PM ET",0,"LAD"
"SP","José Quintana",8400,"LAA@CWS 08:10PM ET",19.050,"CWS"
"SP","Michael Wacha",8400,"ChC@StL 08:15PM ET",15.450,"StL"
"SP","John Lackey",8300,"ChC@StL 08:15PM ET",23.483,"ChC"
"SP","Scott Kazmir",8300,"LAD@Atl 07:10PM ET",8.967,"LAD"
"SP","Julio Teherán",8300,"LAD@Atl 07:10PM ET",9.083,"Atl"
"SP","Jimmy Nelson",8300,"Mil@Min 01:10PM ET",17.633,"Mil"
"SP","Yordano Ventura",8200,"Det@KC 07:15PM ET",16.875,"KC"
"SP","Justin Verlander",8100,"Det@KC 07:15PM ET",9.717,"Det"
"SP","Ervin Santana",8000,"Mil@Min 01:10PM ET",14.583,"Min"
"SP","Wei-Yin Chen",8000,"Was@Mia 07:10PM ET",10.550,"Mia"
"SP","Patrick Corbin",8000,"Ari@SF 10:15PM ET",16.617,"Ari"
"SP","Drew Smyly",8000,"TB@Bos 07:10PM ET",21.075,"TB"
"SP","Lance McCullers",8000,"Hou@Tex 08:05PM ET",0,"Hou"
"SP","Derek Holland",7900,"Hou@Tex 08:05PM ET",17.525,"Tex"
"SP","Rick Porcello",7900,"TB@Bos 07:10PM ET",21.975,"Bos"
"SP","Shelby Miller",7900,"Ari@SF 10:15PM ET",2.900,"Ari"
"SP","Kyle Hendricks",7900,"ChC@StL 08:15PM ET",18.650,"ChC"
"SP","Aaron Nola",7900,"NYM@Phi 07:05PM ET",17.583,"Phi"
"SP","Brandon McCarthy",7800,"LAD@Atl 07:10PM ET",0,"LAD"
"SP","Jason Hammel",7800,"ChC@StL 08:15PM ET",19.000,"ChC"
"SP","Ian Kennedy",7800,"Det@KC 07:15PM ET",29.375,"KC"
"SP","Luis Severino",7800,"Oak@NYY 07:05PM ET",6.300,"NYY"
"SP","Andrew Cashner",7700,"Pit@SD 10:10PM ET",10.850,"SD"
"SP","Marcus Stroman",7700,"Tor@Bal 07:05PM ET",15.600,"Tor"
"SP","José Berrios",7700,"Mil@Min 01:10PM ET",0,"Min"
"SP","C.J. Wilson",7600,"LAA@CWS 08:10PM ET",0,"LAA"
"SP","Brandon Morrow",7600,"Pit@SD 10:10PM ET",0,"SD"
"SP","Mat Latos",7600,"LAA@CWS 08:10PM ET",20.400,"CWS"
"SP","Eduardo Rodríguez",7600,"TB@Bos 07:10PM ET",0,"Bos"
"SP","Anibal Sánchez",7500,"Det@KC 07:15PM ET",14.083,"Det"
"SP","Bud Norris",7500,"LAD@Atl 07:10PM ET",9.200,"Atl"
"SP","Robbie Ray",7500,"Ari@SF 10:15PM ET",13.475,"Ari"
"SP","Jon Gray",7500,"Col@Cin 07:10PM ET",0,"Col"
"SP","Jerad Eickhoff",7500,"NYM@Phi 07:05PM ET",22.917,"Phi"
"SP","Jake Peavy",7400,"Ari@SF 10:15PM ET",1.833,"SF"
"SP","Phil Hughes",7400,"Mil@Min 01:10PM ET",17.050,"Min"
"SP","Collin McHugh",7400,"Hou@Tex 08:05PM ET",7.367,"Hou"
"SP","Nick Kingham",7400,"Pit@SD 10:10PM ET",0,"Pit"
"SP","Raisel Iglesias",7400,"Col@Cin 07:10PM ET",14.367,"Cin"
"SP","Jorge De La Rosa",7300,"Col@Cin 07:10PM ET",9.433,"Col"
"SP","Jordan Zimmermann",7300,"Det@KC 07:15PM ET",21.725,"Det"
"SP","Trevor Bauer",7300,"Sea@Cle 06:10PM ET",5.025,"Cle"
"SP","Lucas Giolito",7300,"Was@Mia 07:10PM ET",0,"Was"
"SP","Mike Leake",7200,"ChC@StL 08:15PM ET",8.733,"StL"
"SP","Danny Hultzen",7200,"Sea@Cle 06:10PM ET",0,"Sea"
"SP","Taylor Jungmann",7200,"Mil@Min 01:10PM ET",2.683,"Mil"
"SP","Mike Fiers",7200,"Hou@Tex 08:05PM ET",8.567,"Hou"
"SP","Andrew Heaney",7200,"LAA@CWS 08:10PM ET",15.300,"LAA"
"SP","A.J. Griffin",7200,"Hou@Tex 08:05PM ET",11.875,"Tex"
"SP","Hisashi Iwakuma",7200,"Sea@Cle 06:10PM ET",11.500,"Sea"
"SP","Joe Ross",7200,"Was@Mia 07:10PM ET",25.900,"Was"
"SP","CC Sabathia",7100,"Oak@NYY 07:05PM ET",11.200,"NYY"
"SP","Rich Hill",7100,"Oak@NYY 07:05PM ET",14.550,"Oak"
"SP","Josh Tomlin",7100,"Sea@Cle 06:10PM ET",22.850,"Cle"
"SP","Héctor Santiago",7100,"LAA@CWS 08:10PM ET",22.367,"LAA"
"SP","Chase Anderson",7100,"Mil@Min 01:10PM ET",15.133,"Mil"
"SP","Rubby De La Rosa",7100,"Ari@SF 10:15PM ET",4.000,"Ari"
"SP","Jake Odorizzi",7000,"TB@Bos 07:10PM ET",20.000,"TB"
"SP","Tommy Milone",7000,"Mil@Min 01:10PM ET",7.800,"Min"
"SP","Nathan Eovaldi",7000,"Oak@NYY 07:05PM ET",14.625,"NYY"
"SP","Kyle Gibson",7000,"Mil@Min 01:10PM ET",9.650,"Min"
"SP","Zach Davies",7000,"Mil@Min 01:10PM ET",-11.350,"Mil"
"SP","Colby Lewis",6900,"Hou@Tex 08:05PM ET",15.633,"Tex"
"SP","Mike Minor",6900,"Det@KC 07:15PM ET",0,"KC"
"SP","Anthony DeSclafani",6900,"Col@Cin 07:10PM ET",0,"Cin"
"SP","Taijuan Walker",6900,"Sea@Cle 06:10PM ET",14.300,"Sea"
"RP","Kevin Gausman",6900,"Tor@Bal 07:05PM ET",0,"Bal"
"SP","Charlie Morton",6800,"NYM@Phi 07:05PM ET",15.583,"Phi"
"SP","Ubaldo Jiménez",6800,"Tor@Bal 07:05PM ET",19.100,"Bal"
"SP","Edinson Vólquez",6800,"Det@KC 07:15PM ET",20.383,"KC"
"SP","Homer Bailey",6700,"Col@Cin 07:10PM ET",0,"Cin"
"SP","Jeff Locke",6700,"Pit@SD 10:10PM ET",7.700,"Pit"
"SP","Brett Anderson",6700,"LAD@Atl 07:10PM ET",0,"LAD"
"SP","Chad Bettis",6700,"Col@Cin 07:10PM ET",17.150,"Col"
"SP","Robbie Erlin",6700,"Pit@SD 10:10PM ET",14.083,"SD"
"SP","Ricky Nolasco",6600,"Mil@Min 01:10PM ET",14.550,"Min"
"SP","Matt Cain",6600,"Ari@SF 10:15PM ET",9.800,"SF"
"SP","Jered Weaver",6600,"LAA@CWS 08:10PM ET",7.925,"LAA"
"SP","Jeremy Hellickson",6600,"NYM@Phi 07:05PM ET",14.000,"Phi"
"SP","Martín Pérez",6600,"Hou@Tex 08:05PM ET",9.483,"Tex"
"SP","J.A. Happ",6500,"Tor@Bal 07:05PM ET",17.450,"Tor"
"SP","Tyler Chatwood",6500,"Col@Cin 07:10PM ET",16.567,"Col"
"SP","Jesse Hahn",6500,"Oak@NYY 07:05PM ET",0,"Oak"
"SP","Matt Wisler",6500,"LAD@Atl 07:10PM ET",9.450,"Atl"
"SP","Alex Cobb",6400,"TB@Bos 07:10PM ET",0,"TB"
"SP","Nathan Karns",6400,"Sea@Cle 06:10PM ET",16.150,"Sea"
"SP","Jarrod Parker",6400,"Oak@NYY 07:05PM ET",0,"Oak"
"SP","Matt Moore",6400,"TB@Bos 07:10PM ET",21.083,"TB"
"SP","R.A. Dickey",6300,"Tor@Bal 07:05PM ET",9.400,"Tor"
"SP","Wily Peralta",6300,"Mil@Min 01:10PM ET",1.533,"Mil"
"SP","Wade Miley",6300,"Sea@Cle 06:10PM ET",11.400,"Sea"
"SP","Tom Koehler",6300,"Was@Mia 07:10PM ET",4.350,"Mia"
"RP","Rafael Montero",6300,"NYM@Phi 07:05PM ET",-0.800,"NYM"
"RP","Jesse Chavez",6200,"Tor@Bal 07:05PM ET",4.030,"Tor"
"SP","Jason Vargas",6200,"Det@KC 07:15PM ET",0,"KC"
"SP","Jonathon Niese",6200,"Pit@SD 10:10PM ET",17.700,"Pit"
"SP","Kris Medlen",6200,"Det@KC 07:15PM ET",17.950,"KC"
"SP","John Lamb",6200,"Col@Cin 07:10PM ET",0,"Cin"
"SP","Tanner Roark",6200,"Was@Mia 07:10PM ET",9.617,"Was"
"SP","Manny Bañuelos",6200,"LAD@Atl 07:10PM ET",0,"Atl"
"SP","Adam Conley",6200,"Was@Mia 07:10PM ET",13.175,"Mia"
"SP","Ryan Vogelsong",6100,"Pit@SD 10:10PM ET",10.775,"Pit"
"SP","John Danks",6100,"LAA@CWS 08:10PM ET",7.350,"CWS"
"SP","Matt Garza",6100,"Mil@Min 01:10PM ET",0,"Mil"
"SP","Chris Tillman",6100,"Tor@Bal 07:05PM ET",10.050,"Bal"
"SP","Colin Rea",6100,"Pit@SD 10:10PM ET",4.875,"SD"
"SP","Robert Stephenson",6100,"Col@Cin 07:10PM ET",5.850,"Cin"
"SP","Juan Nicasio",6000,"Pit@SD 10:10PM ET",15.917,"Pit"
"SP","Chris Bassitt",6000,"Oak@NYY 07:05PM ET",14.167,"Oak"
"SP","Alex Wood",6000,"LAD@Atl 07:10PM ET",10.100,"LAD"
"SP","Marco Estrada",5900,"Tor@Bal 07:05PM ET",18.825,"Tor"
"SP","Brett Oberholtzer",5900,"NYM@Phi 07:05PM ET",8.050,"Phi"
"SP","Archie Bradley",5900,"Ari@SF 10:15PM ET",-2.850,"Ari"
"SP","Chris Young",5800,"Det@KC 07:15PM ET",3.517,"KC"
"SP","Yovani Gallardo",5800,"Tor@Bal 07:05PM ET",7.867,"Bal"
"SP","Steven Wright",5800,"TB@Bos 07:10PM ET",17.150,"Bos"
"SP","Joe Kelly",5800,"TB@Bos 07:10PM ET",5.100,"Bos"
"SP","Tyler Cravy",5800,"Mil@Min 01:10PM ET",2.725,"Mil"
"SP","Daniel Norris",5800,"Det@KC 07:15PM ET",0,"Det"
"SP","Scott Feldman",5700,"Hou@Tex 08:05PM ET",11.825,"Hou"
"SP","Jhoulys Chacin",5700,"LAD@Atl 07:10PM ET",21.050,"Atl"
"SP","Mike Bolsinger",5700,"LAD@Atl 07:10PM ET",0,"LAD"
"SP","Williams Pérez",5700,"LAD@Atl 07:10PM ET",3.025,"Atl"
"SP","Dallas Beeler",5700,"ChC@StL 08:15PM ET",0,"ChC"
"SP","Kyle Zimmer",5700,"Det@KC 07:15PM ET",0,"KC"
"SP","Bartolo Colón",5600,"NYM@Phi 07:05PM ET",14.500,"NYM"
"SP","Jarred Cosart",5600,"Was@Mia 07:10PM ET",6.525,"Mia"
"SP","Logan Verrett",5600,"NYM@Phi 07:05PM ET",11.775,"NYM"
"SP","Marco Gonzales",5600,"ChC@StL 08:15PM ET",0,"StL"
"SP","Aarón Sánchez",5500,"Tor@Bal 07:05PM ET",24.267,"Tor"
"SP","Mike Foltynewicz",5500,"LAD@Atl 07:10PM ET",0,"Atl"
"SP","Chase Whitley",5500,"TB@Bos 07:10PM ET",0,"TB"
"3B","Josh Donaldson",5400,"Tor@Bal 07:05PM ET",12.143,"Tor"
"SP","Brandon Workman",5400,"TB@Bos 07:10PM ET",0,"Bos"
"SP","Jordan Lyles",5400,"Col@Cin 07:10PM ET",7.117,"Col"
"RP","Taylor Rogers",5400,"Mil@Min 01:10PM ET",0.900,"Min"
"OF","José Bautista",5300,"Tor@Bal 07:05PM ET",10.071,"Tor"
"SP","Iván Nova",5300,"Oak@NYY 07:05PM ET",3.325,"NYY"
"SP","Drew Pomeranz",5300,"Pit@SD 10:10PM ET",21.475,"SD"
"SP","Henderson Álvarez",5300,"Oak@NYY 07:05PM ET",0,"Oak"
"SP","Matt Shoemaker",5300,"LAA@CWS 08:10PM ET",8.925,"LAA"
"SP","Burch Smith",5300,"TB@Bos 07:10PM ET",0,"TB"
"SP","Erasmo Ramírez",5300,"TB@Bos 07:10PM ET",11.213,"TB"
"OF","Bryce Harper",5300,"Was@Mia 07:10PM ET",14.583,"Was"
"SP","Christian Bergman",5300,"Col@Cin 07:10PM ET",5.600,"Col"
"SP","Felix Doubront",5200,"Oak@NYY 07:05PM ET",0,"Oak"
"SP","Eric Surkamp",5200,"Oak@NYY 07:05PM ET",4.325,"Oak"
"2B","José Altuve",5200,"Hou@Tex 08:05PM ET",13.077,"Hou"
"1B","Edwin Encarnación",5100,"Tor@Bal 07:05PM ET",7.500,"Tor"
"SP","Alfredo Simón",5100,"Col@Cin 07:10PM ET",1.200,"Cin"
"SP","Tyler Matzek",5100,"Col@Cin 07:10PM ET",0,"Col"
"SP","Doug Fister",5000,"Hou@Tex 08:05PM ET",8.200,"Hou"
"RP","David Phelps",5000,"Was@Mia 07:10PM ET",7.617,"Mia"
"OF","Mike Trout",5000,"LAA@CWS 08:10PM ET",6.692,"LAA"
"SP","Mike Wright",5000,"Tor@Bal 07:05PM ET",10.450,"Bal"
"SP","Ross Stripling",5000,"LAD@Atl 07:10PM ET",18.000,"LAD"
"SP","Brandon Finnegan",5000,"Col@Cin 07:10PM ET",18.983,"Cin"
"SP","Kendall Graveman",5000,"Oak@NYY 07:05PM ET",13.750,"Oak"
"SP","Shane Greene",4900,"Det@KC 07:15PM ET",13.075,"Det"
"SP","Cody Anderson",4900,"Sea@Cle 06:10PM ET",6.600,"Cle"
"SP","Nick Tropeano",4900,"LAA@CWS 08:10PM ET",17.500,"LAA"
"OF","Mookie Betts",4900,"TB@Bos 07:10PM ET",8.000,"Bos"
"SP","Mike Pelfrey",4800,"Det@KC 07:15PM ET",3.875,"Det"
"RP","Chris Heston",4800,"Ari@SF 10:15PM ET",0.063,"SF"
"1B","José Abreu",4800,"LAA@CWS 08:10PM ET",6.154,"CWS"
"SS","Trevor Story",4800,"Col@Cin 07:10PM ET",14.308,"Col"
"OF","Carlos González",4700,"Col@Cin 07:10PM ET",11.462,"Col"
"RP","Danny Duffy",4700,"Det@KC 07:15PM ET",3.370,"KC"
"SP","Vance Worley",4700,"Tor@Bal 07:05PM ET",14.500,"Bal"
"3B","Nolan Arenado",4700,"Col@Cin 07:10PM ET",12.308,"Col"
"SP","Jon Moscot",4700,"Col@Cin 07:10PM ET",5.950,"Cin"
"OF","Shin-soo Choo",4600,"Hou@Tex 08:05PM ET",5.333,"Tex"
"OF","Andrew McCutchen",4600,"Pit@SD 10:10PM ET",7.769,"Pit"
"1B","Chris Davis",4600,"Tor@Bal 07:05PM ET",11.636,"Bal"
"RP","Tyler Lyons",4600,"ChC@StL 08:15PM ET",2.560,"StL"
"OF","George Springer",4600,"Hou@Tex 08:05PM ET",8.538,"Hou"
"RP","Dylan Bundy",4600,"Tor@Bal 07:05PM ET",1.383,"Bal"
"SS","Carlos Correa",4600,"Hou@Tex 08:05PM ET",8.917,"Hou"
"SP","Jeremy Guthrie",4500,"Hou@Tex 08:05PM ET",0,"Tex"
"1B","Prince Fielder",4500,"Hou@Tex 08:05PM ET",5.308,"Tex"
"1B","Ryan Zimmerman",4500,"Was@Mia 07:10PM ET",6.556,"Was"
"RP","Chris Rusin",4500,"Col@Cin 07:10PM ET",5.925,"Col"
"1B","Paul Goldschmidt",4500,"Ari@SF 10:15PM ET",9.385,"Ari"
"3B/SS","Manny Machado",4500,"Tor@Bal 07:05PM ET",11.818,"Bal"
"SP","Michael Lorenzen",4500,"Col@Cin 07:10PM ET",0,"Cin"
"SP","Matt Harrison",4400,"NYM@Phi 07:05PM ET",0,"Phi"
"1B","Eric Hosmer",4400,"Det@KC 07:15PM ET",7.417,"KC"
"OF","Starling Marte",4400,"Pit@SD 10:10PM ET",10.077,"Pit"
"OF","Adam Eaton",4400,"LAA@CWS 08:10PM ET",6.500,"CWS"
"OF","Jayson Werth",4300,"Was@Mia 07:10PM ET",5.727,"Was"
"OF","Lorenzo Cain",4300,"Det@KC 07:15PM ET",7.583,"KC"
"SS","Troy Tulowitzki",4300,"Tor@Bal 07:05PM ET",4.786,"Tor"
"OF","Jacoby Ellsbury",4300,"Oak@NYY 07:05PM ET",7.545,"NYY"
"OF","Charlie Blackmon",4300,"Col@Cin 07:10PM ET",6.375,"Col"
"SP","Tim Melville",4300,"Col@Cin 07:10PM ET",2.175,"Cin"
"SP","Sean Nolin",4300,"Mil@Min 01:10PM ET",0,"Mil"
"3B","Eugenio Suárez",4300,"Col@Cin 07:10PM ET",10.385,"Cin"
"RP","Chris Devenski",4300,"Hou@Tex 08:05PM ET",8.733,"Hou"
"SP","Nick Martínez",4300,"Hou@Tex 08:05PM ET",0,"Tex"
"1B","David Ortiz",4200,"TB@Bos 07:10PM ET",10.636,"Bos"
"3B","Adrián Béltre",4200,"Hou@Tex 08:05PM ET",8.308,"Tex"
"SS","José Reyes",4200,"Col@Cin 07:10PM ET",0,"Col"
"OF","Matt Kemp",4200,"Pit@SD 10:10PM ET",8.750,"SD"
"OF","Dexter Fowler",4200,"ChC@StL 08:15PM ET",11.692,"ChC"
"OF","Justin Upton",4200,"Det@KC 07:15PM ET",6.091,"Det"
"RP","Dillon Gee",4200,"Det@KC 07:15PM ET",5.225,"KC"
"3B","Todd Frazier",4200,"LAA@CWS 08:10PM ET",5.615,"CWS"
"C","Eric Fryer",4200,"ChC@StL 08:15PM ET",8.500,"StL"
"OF","Giancarlo Stanton",4200,"Was@Mia 07:10PM ET",9.182,"Mia"
"1B","Anthony Rizzo",4200,"ChC@StL 08:15PM ET",9.000,"ChC"
"OF","Aaron Hicks",4200,"Oak@NYY 07:05PM ET",0.900,"NYY"
"RP","Brandon Maurer",4200,"Pit@SD 10:10PM ET",2.490,"SD"
"2B","Brian Dozier",4200,"Mil@Min 01:10PM ET",6.000,"Min"
"OF","Grégory Polanco",4200,"Pit@SD 10:10PM ET",8.846,"Pit"
"OF","Miguel Sano",4200,"Mil@Min 01:10PM ET",5.000,"Min"
"1B","Tyler White",4200,"Hou@Tex 08:05PM ET",9.308,"Hou"
"1B/3B","Álex Rodríguez",4100,"Oak@NYY 07:05PM ET",6.556,"NYY"
"1B","Albert Pujols",4100,"LAA@CWS 08:10PM ET",6.769,"LAA"
"1B","Mark Teixeira",4100,"Oak@NYY 07:05PM ET",8.636,"NYY"
"SP","Gavin Floyd",4100,"Tor@Bal 07:05PM ET",3.488,"Tor"
"OF","A.J. Pollock",4100,"Ari@SF 10:15PM ET",0,"Ari"
"3B","Matt Carpenter",4100,"ChC@StL 08:15PM ET",9.923,"StL"
"RP","Tyler Wilson",4100,"Tor@Bal 07:05PM ET",8.550,"Bal"
"3B","Kris Bryant",4100,"ChC@StL 08:15PM ET",7.769,"ChC"
"2B","Devon Travis",4100,"Tor@Bal 07:05PM ET",0,"Tor"
"OF","Yoenis Céspedes",4100,"NYM@Phi 07:05PM ET",9.417,"NYM"
"RP","Joe Nathan",4000,"Det@KC 07:15PM ET",0,"Det"
"RP","Buddy Carlyle",4000,"NYM@Phi 07:05PM ET",0,"NYM"
"SP","Johan Santana",4000,"Tor@Bal 07:05PM ET",0,"Tor"
"RP","Jason Grilli",4000,"LAD@Atl 07:10PM ET",3.300,"Atl"
"SP","Jason Marquis",4000,"Col@Cin 07:10PM ET",0,"Cin"
"RP","Joaquín Benoit",4000,"Sea@Cle 06:10PM ET",3.738,"Sea"
"SP","Josh Beckett",4000,"LAD@Atl 07:10PM ET",0,"LAD"
"RP","Rafael Soriano",4000,"Tor@Bal 07:05PM ET",0,"Tor"
"RP","Fernando Rodney",4000,"Pit@SD 10:10PM ET",4.038,"SD"
"RP","Oliver Pérez",4000,"Was@Mia 07:10PM ET",2.600,"Was"
"SP","Cliff Lee",4000,"NYM@Phi 07:05PM ET",0,"Phi"
"RP","Francisco Rodríguez",4000,"Det@KC 07:15PM ET",0.967,"Det"
"RP","Ryan Madson",4000,"Oak@NYY 07:05PM ET",2.707,"Oak"
"RP","Sean Burnett",4000,"LAA@CWS 08:10PM ET",0,"LAA"
"RP","Javier López",4000,"Ari@SF 10:15PM ET",-0.779,"SF"
"RP","Chris Capuano",4000,"Mil@Min 01:10PM ET",2.400,"Mil"
"RP","Scott Rice",4000,"NYM@Phi 07:05PM ET",0,"NYM"
"RP","Jason Frasor",4000,"LAD@Atl 07:10PM ET",0,"Atl"
"RP","Blaine Boyer",4000,"Mil@Min 01:10PM ET",0.280,"Mil"
"SP","Chien-Ming Wang",4000,"Det@KC 07:15PM ET",5.250,"KC"
"RP","Joel Hanrahan",4000,"Det@KC 07:15PM ET",0,"Det"
"SP","Chris Narveson",4000,"Was@Mia 07:10PM ET",1.900,"Mia"
"RP","Joel Peralta",4000,"Sea@Cle 06:10PM ET",2.690,"Sea"
"RP","Chad Qualls",4000,"Col@Cin 07:10PM ET",0.033,"Col"
"2B","Robinson Canó",4000,"Sea@Cle 06:10PM ET",9.333,"Sea"
"RP","Santiago Casilla",4000,"Ari@SF 10:15PM ET",2.733,"SF"
"SP","Edwin Jackson",4000,"Was@Mia 07:10PM ET",1.513,"Mia"
"RP","Brandon League",4000,"LAD@Atl 07:10PM ET",0,"LAD"
"RP","Jim Johnson",4000,"LAD@Atl 07:10PM ET",1.943,"Atl"
"1B","Joey Votto",4000,"Col@Cin 07:10PM ET",5.923,"Cin"
"RP","Craig Breslow",4000,"Was@Mia 07:10PM ET",3.617,"Mia"
"RP","Joe Blanton",4000,"LAD@Atl 07:10PM ET",3.300,"LAD"
"RP","Kevin Jepsen",4000,"Mil@Min 01:10PM ET",2.325,"Min"
"RP","Matt Albers",4000,"LAA@CWS 08:10PM ET",3.692,"CWS"
"RP","Zach Duke",4000,"LAA@CWS 08:10PM ET",1.250,"CWS"
"RP","Sergio Santos",4000,"Oak@NYY 07:05PM ET",0,"NYY"
"RP","Jonathan Broxton",4000,"ChC@StL 08:15PM ET",3.110,"StL"
"RP","Jesse Crain",4000,"LAA@CWS 08:10PM ET",0,"CWS"
"RP","Pat Neshek",4000,"Hou@Tex 08:05PM ET",3.092,"Hou"
"RP","Carlos Villanueva",4000,"Pit@SD 10:10PM ET",3.533,"SD"
"RP","Jumbo Diaz",4000,"Col@Cin 07:10PM ET",1.050,"Cin"
"SP","Josh Johnson",4000,"Pit@SD 10:10PM ET",0,"SD"
"RP","Joakim Soria",4000,"Det@KC 07:15PM ET",2.543,"KC"
"RP","Tom Wilhelmsen",4000,"Hou@Tex 08:05PM ET",-3.320,"Tex"
"RP","Dana Eveland",4000,"TB@Bos 07:10PM ET",2.833,"TB"
"RP","Matt Belisle",4000,"Was@Mia 07:10PM ET",1.438,"Was"
"1B","Miguel Cabrera",4000,"Det@KC 07:15PM ET",7.273,"Det"
"RP","Sean Marshall",4000,"Col@Cin 07:10PM ET",0,"Cin"
"RP","Jason Motte",4000,"Col@Cin 07:10PM ET",0,"Col"
"RP","Jonathan Papelbon",4000,"Was@Mia 07:10PM ET",1.658,"Was"
"RP","Jim Henderson",4000,"NYM@Phi 07:05PM ET",2.825,"NYM"
"RP","Brad Ziegler",4000,"Ari@SF 10:15PM ET",3.286,"Ari"
"RP","Logan Kensing",4000,"Det@KC 07:15PM ET",1.500,"Det"
"SP","James McDonald",4000,"ChC@StL 08:15PM ET",0,"ChC"
"RP","Matt Thornton",4000,"Pit@SD 10:10PM ET",0,"SD"
"SP","Chad Billingsley",4000,"NYM@Phi 07:05PM ET",0,"Phi"
"RP","Darin Downs",4000,"Hou@Tex 08:05PM ET",0,"Hou"
"RP","Eric O'Flaherty",4000,"LAD@Atl 07:10PM ET",-0.071,"Atl"
"RP","Tyler Clippard",4000,"Ari@SF 10:15PM ET",5.370,"Ari"
"RP","Pedro Strop",4000,"ChC@StL 08:15PM ET",3.467,"ChC"
"SP","Felipe Paulino",4000,"TB@Bos 07:10PM ET",0,"Bos"
"RP","Yusmeiro Petit",4000,"Was@Mia 07:10PM ET",2.250,"Was"
"RP","Boone Logan",4000,"Col@Cin 07:10PM ET",2.686,"Col"
"RP","Alexi Ogando",4000,"LAD@Atl 07:10PM ET",3.060,"Atl"
"RP","Fernando Rodríguez",4000,"Oak@NYY 07:05PM ET",5.280,"Oak"
"OF","Adam Jones",4000,"Tor@Bal 07:05PM ET",5.429,"Bal"
"RP","Jake McGee",4000,"Col@Cin 07:10PM ET",2.000,"Col"
"RP","Carlos Torres",4000,"Mil@Min 01:10PM ET",1.280,"Mil"
"RP","Jerry Blevins",4000,"NYM@Phi 07:05PM ET",2.633,"NYM"
"RP","Ryan Webb",4000,"TB@Bos 07:10PM ET",1.700,"TB"
"RP","Mark Lowe",4000,"Det@KC 07:15PM ET",2.342,"Det"
"RP","Glen Perkins",4000,"Mil@Min 01:10PM ET",1.450,"Min"
"RP","Wade Davis",4000,"Det@KC 07:15PM ET",4.525,"KC"
"RP","Javy Guerra",4000,"LAA@CWS 08:10PM ET",0,"LAA"
"RP","Franklin Morales",4000,"Tor@Bal 07:05PM ET",0.750,"Tor"
"OF","Carlos Gómez",4000,"Hou@Tex 08:05PM ET",3.417,"Hou"
"RP","J.P. Howell",4000,"LAD@Atl 07:10PM ET",-0.290,"LAD"
"RP","Jonny Venters",4000,"LAD@Atl 07:10PM ET",0,"Atl"
"RP","Samuel Deduno",4000,"Tor@Bal 07:05PM ET",0,"Bal"
"RP","Ross Ohlendorf",4000,"Col@Cin 07:10PM ET",2.629,"Cin"
"RP","Huston Street",4000,"LAA@CWS 08:10PM ET",2.983,"LAA"
"RP","Tony Sipp",4000,"Hou@Tex 08:05PM ET",1.750,"Hou"
"1B","Kendrys Morales",4000,"Det@KC 07:15PM ET",6.333,"KC"
"RP","Xavier Cedeño",4000,"TB@Bos 07:10PM ET",4.788,"TB"
"RP","Mike Dunn",4000,"Was@Mia 07:10PM ET",0,"Mia"
"RP","Travis Wood",4000,"ChC@StL 08:15PM ET",1.907,"ChC"
"OF","Brett Gardner",4000,"Oak@NYY 07:05PM ET",8.200,"NYY"
"RP","Clayton Richard",4000,"ChC@StL 08:15PM ET",-0.400,"ChC"
"RP","Josh Outman",4000,"LAD@Atl 07:10PM ET",0,"Atl"
"RP","Craig Stammen",4000,"Sea@Cle 06:10PM ET",0,"Cle"
"RP","Sergio Romo",4000,"Ari@SF 10:15PM ET",1.575,"SF"
"RP","David Hernández",4000,"NYM@Phi 07:05PM ET",2.456,"Phi"
"RP","Kenley Jansen",4000,"LAD@Atl 07:10PM ET",4.710,"LAD"
"RP","Trevor Bell",4000,"Col@Cin 07:10PM ET",0,"Cin"
"RP","James Russell",4000,"NYM@Phi 07:05PM ET",-1.417,"Phi"
"RP","Anthony Varvaro",4000,"TB@Bos 07:10PM ET",0,"Bos"
"RP","Seung Hwan Oh",4000,"ChC@StL 08:15PM ET",6.233,"StL"
"RP","Luke Hochevar",4000,"Det@KC 07:15PM ET",3.608,"KC"
"RP","Andrew Miller",4000,"Oak@NYY 07:05PM ET",6.810,"NYY"
"SP","Tim Lincecum",4000,"Ari@SF 10:15PM ET",0,"SF"
"RP","Jeremy Jeffress",4000,"Mil@Min 01:10PM ET",3.192,"Mil"
"RP","Ryan Buchter",4000,"Pit@SD 10:10PM ET",3.700,"SD"
"RP","Darren O'Day",4000,"Tor@Bal 07:05PM ET",4.300,"Bal"
"RP","Bryan Morris",4000,"Was@Mia 07:10PM ET",1.093,"Mia"
"RP","Adam Ottavino",4000,"Col@Cin 07:10PM ET",0,"Col"
"RP","Cory Rasmus",4000,"LAA@CWS 08:10PM ET",2.400,"LAA"
"RP","Joba Chamberlain",4000,"Sea@Cle 06:10PM ET",2.263,"Cle"
"RP","Trevor Cahill",4000,"ChC@StL 08:15PM ET",2.025,"ChC"
"RP","Blake Wood",4000,"Col@Cin 07:10PM ET",2.800,"Cin"
"RP","Zach Britton",4000,"Tor@Bal 07:05PM ET",4.850,"Bal"
"RP","Joe Smith",4000,"LAA@CWS 08:10PM ET",0.650,"LAA"
"RP","Zach McAllister",4000,"Sea@Cle 06:10PM ET",3.800,"Cle"
"RP","Jared Hughes",4000,"Pit@SD 10:10PM ET",0,"Pit"
"RP","Nate Adcock",4000,"Tor@Bal 07:05PM ET",0,"Bal"
"RP","Josh Ravin",4000,"LAD@Atl 07:10PM ET",0,"LAD"
"RP","Chris Hatcher",4000,"LAD@Atl 07:10PM ET",3.533,"LAD"
"RP","George Kontos",4000,"Ari@SF 10:15PM ET",1.819,"SF"
"RP","Dellin Betances",4000,"Oak@NYY 07:05PM ET",6.750,"NYY"
"RP","Will Harris",4000,"Hou@Tex 08:05PM ET",4.130,"Hou"
"RP","Mark Melancon",4000,"Pit@SD 10:10PM ET",2.833,"Pit"
"RP","Tony Barnette",4000,"Hou@Tex 08:05PM ET",2.050,"Tex"
"RP","Jordan Walden",4000,"ChC@StL 08:15PM ET",0,"StL"
"RP","David Carpenter",4000,"TB@Bos 07:10PM ET",0,"TB"
"RP","Tony Watson",4000,"Pit@SD 10:10PM ET",1.550,"Pit"
"RP","Jeff Manship",4000,"Sea@Cle 06:10PM ET",1.200,"Cle"
"RP","Jon Edwards",4000,"Pit@SD 10:10PM ET",0,"SD"
"RP","Casey Fien",4000,"Mil@Min 01:10PM ET",0.050,"Min"
"RP","Blake Parker",4000,"ChC@StL 08:15PM ET",0,"ChC"
"RP","David Robertson",4000,"LAA@CWS 08:10PM ET",4.530,"CWS"
"RP","Sam Dyson",4000,"Hou@Tex 08:05PM ET",3.342,"Tex"
"RP","Brad Boxberger",4000,"TB@Bos 07:10PM ET",0,"TB"
"RP","Cory Luebke",4000,"Pit@SD 10:10PM ET",0.033,"Pit"
"RP","Preston Claiborne",4000,"Was@Mia 07:10PM ET",0,"Mia"
"RP","Luke Gregerson",4000,"Hou@Tex 08:05PM ET",3.490,"Hou"
"RP","Neftali Feliz",4000,"Pit@SD 10:10PM ET",3.325,"Pit"
"RP","Héctor Rondón",4000,"ChC@StL 08:15PM ET",6.917,"ChC"
"RP","Antonio Bastardo",4000,"NYM@Phi 07:05PM ET",4.910,"NYM"
"RP","Jeanmar Gómez",4000,"NYM@Phi 07:05PM ET",3.925,"Phi"
"RP","Fernando Salas",4000,"LAA@CWS 08:10PM ET",2.588,"LAA"
"RP","John Axford",4000,"Oak@NYY 07:05PM ET",3.864,"Oak"
"RP","Ross Detwiler",4000,"Sea@Cle 06:10PM ET",0.600,"Cle"
"RP","Dan Otero",4000,"Sea@Cle 06:10PM ET",3.383,"Cle"
"RP","Brett Cecil",4000,"Tor@Bal 07:05PM ET",1.993,"Tor"
"RP","Nick Hagadone",4000,"Mil@Min 01:10PM ET",0,"Mil"
"RP","Nate Jones",4000,"LAA@CWS 08:10PM ET",3.142,"CWS"
"RP","Shawn Kelley",4000,"Was@Mia 07:10PM ET",3.690,"Was"
"RP","Marc Rzepczynski",4000,"Oak@NYY 07:05PM ET",2.670,"Oak"
"RP","Tommy Hunter",4000,"Sea@Cle 06:10PM ET",0,"Cle"
"OF","Steven Souza Jr.",4000,"TB@Bos 07:10PM ET",7.900,"TB"
"RP","Steve Cishek",4000,"Sea@Cle 06:10PM ET",4.500,"Sea"
"RP","Josh Fields",4000,"Hou@Tex 08:05PM ET",2.042,"Hou"
"RP","Greg Holland",4000,"Det@KC 07:15PM ET",0,"KC"
"RP","Chris Withrow",4000,"LAD@Atl 07:10PM ET",1.600,"Atl"
"RP","Sean Doolittle",4000,"Oak@NYY 07:05PM ET",1.907,"Oak"
"RP","Neil Ramírez",4000,"ChC@StL 08:15PM ET",4.150,"ChC"
"RP","Ryan Pressly",4000,"Mil@Min 01:10PM ET",4.300,"Min"
"RP","Ryan Brasier",4000,"Oak@NYY 07:05PM ET",0,"Oak"
"RP","T.J. McFarland",4000,"Tor@Bal 07:05PM ET",1.090,"Bal"
"RP","Cory Gearrin",4000,"Ari@SF 10:15PM ET",3.125,"SF"
"RP","Charlie Furbush",4000,"Sea@Cle 06:10PM ET",0,"Sea"
"RP","Michael Blazek",4000,"Mil@Min 01:10PM ET",2.733,"Mil"
"RP","Justin Grimm",4000,"ChC@StL 08:15PM ET",3.770,"ChC"
"SP","Josh Collmenter",4000,"Ari@SF 10:15PM ET",0,"Ari"
"RP","Hunter Strickland",4000,"Ari@SF 10:15PM ET",2.533,"SF"
"RP","Pedro Báez",4000,"LAD@Atl 07:10PM ET",3.833,"LAD"
"RP","Mitch Harris",4000,"ChC@StL 08:15PM ET",0,"StL"
"RP","Sam Freeman",4000,"Mil@Min 01:10PM ET",-0.590,"Mil"
"RP","Tommy Layne",4000,"TB@Bos 07:10PM ET",2.633,"Bos"
"RP","Evan Scribner",4000,"Sea@Cle 06:10PM ET",0,"Sea"
"SP","Nick Tepesch",4000,"Hou@Tex 08:05PM ET",0,"Tex"
"RP","Jake Diekman",4000,"Hou@Tex 08:05PM ET",2.300,"Tex"
"RP","Fernando Abad",4000,"Mil@Min 01:10PM ET",3.190,"Min"
"RP","Liam Hendriks",4000,"Oak@NYY 07:05PM ET",-0.075,"Oak"
"RP","José Álvarez",4000,"LAA@CWS 08:10PM ET",2.300,"LAA"
"RP","Tim Collins",4000,"Det@KC 07:15PM ET",0,"KC"
"RP","Brian Matusz",4000,"Tor@Bal 07:05PM ET",0,"Bal"
"RP","Aaron Crow",4000,"ChC@StL 08:15PM ET",0,"ChC"
"RP","Mike Montgomery",4000,"Sea@Cle 06:10PM ET",3.025,"Sea"
"SP","Lance Lynn",4000,"ChC@StL 08:15PM ET",0,"StL"
"RP","Kyle Lobstein",4000,"Pit@SD 10:10PM ET",3.663,"Pit"
"RP","Tanner Scheppers",4000,"Hou@Tex 08:05PM ET",0,"Tex"
"RP","Brad Hand",4000,"Pit@SD 10:10PM ET",4.875,"SD"
"RP","Robbie Ross Jr.",4000,"TB@Bos 07:10PM ET",1.988,"Bos"
"RP","Craig Kimbrel",4000,"TB@Bos 07:10PM ET",4.600,"Bos"
"SP","Jonathan Pettibone",4000,"ChC@StL 08:15PM ET",0,"ChC"
"RP","Trevor May",4000,"Mil@Min 01:10PM ET",4.971,"Min"
"RP","Justin Wilson",4000,"Det@KC 07:15PM ET",4.267,"Det"
"RP","Justin Miller",4000,"Col@Cin 07:10PM ET",2.750,"Col"
"RP","Daniel Hudson",4000,"Ari@SF 10:15PM ET",4.433,"Ari"
"RP","Zach Putnam",4000,"LAA@CWS 08:10PM ET",2.750,"CWS"
"RP","Nick Vincent",4000,"Sea@Cle 06:10PM ET",4.617,"Sea"
"RP","Ryan Cook",4000,"Sea@Cle 06:10PM ET",0,"Sea"
"RP","Michael Kohn",4000,"LAD@Atl 07:10PM ET",0,"Atl"
"RP","Jeff Beliveau",4000,"Tor@Bal 07:05PM ET",0,"Bal"
"RP","Will Smith",4000,"Mil@Min 01:10PM ET",0,"Mil"
"RP","Dan Jennings",4000,"LAA@CWS 08:10PM ET",5.100,"CWS"
"RP","Blaine Hardy",4000,"Det@KC 07:15PM ET",0,"Det"
"RP","Danny Farquhar",4000,"TB@Bos 07:10PM ET",2.850,"TB"
"RP","J.J. Hoover",4000,"Col@Cin 07:10PM ET",-0.250,"Cin"
"RP","Pat Venditte",4000,"Tor@Bal 07:05PM ET",-0.100,"Tor"
"RP","Brad Brach",4000,"Tor@Bal 07:05PM ET",6.014,"Bal"
"RP","Jason Gurka",4000,"Col@Cin 07:10PM ET",0.690,"Col"
"RP","Aaron Barrett",4000,"Was@Mia 07:10PM ET",0,"Was"
"RP","Hunter Cervenka",4000,"LAD@Atl 07:10PM ET",1.988,"Atl"
"RP","Michael Tonkin",4000,"Mil@Min 01:10PM ET",7.783,"Min"
"RP","Randall Delgado",4000,"Ari@SF 10:15PM ET",1.488,"Ari"
"RP","Kelvin Herrera",4000,"Det@KC 07:15PM ET",4.029,"KC"
"RP","Jenrry Mejía",4000,"NYM@Phi 07:05PM ET",0,"NYM"
"RP","Bryan Shaw",4000,"Sea@Cle 06:10PM ET",-2.125,"Cle"
"RP","Arodys Vizcaíno",4000,"LAD@Atl 07:10PM ET",3.080,"Atl"
"RP","Jeurys Familia",4000,"NYM@Phi 07:05PM ET",2.279,"NYM"
"SP","Álex Colomé",4000,"TB@Bos 07:10PM ET",5.638,"TB"
"RP","Arquímedes Caminero",4000,"Pit@SD 10:10PM ET",1.836,"Pit"
"RP","Kevin Siegrist",4000,"ChC@StL 08:15PM ET",6.258,"StL"
"RP","Steve Geltz",4000,"TB@Bos 07:10PM ET",0.625,"TB"
"RP","Bo Schultz",4000,"Tor@Bal 07:05PM ET",0,"Tor"
"SP","Matt Magill",4000,"Col@Cin 07:10PM ET",0,"Cin"
"RP","Koji Uehara",4000,"TB@Bos 07:10PM ET",2.038,"Bos"
"RP","Junichi Tazawa",4000,"TB@Bos 07:10PM ET",2.779,"Bos"
"RP","Drew Storen",4000,"Tor@Bal 07:05PM ET",1.100,"Tor"
"RP","Matt Purke",4000,"Was@Mia 07:10PM ET",0,"Was"
"RP","Mychal Givens",4000,"Tor@Bal 07:05PM ET",4.258,"Bal"
"RP","Alex Wilson",4000,"Det@KC 07:15PM ET",7.000,"Det"
"SP","David Hale",4000,"Col@Cin 07:10PM ET",-3.250,"Col"
"1B","Wil Myers",4000,"Pit@SD 10:10PM ET",6.923,"SD"
"RP","Adam Warren",4000,"ChC@StL 08:15PM ET",4.050,"ChC"
"OF","Jeremy Hazelbaker",4000,"ChC@StL 08:15PM ET",8.846,"StL"
"RP","Louis Coleman",4000,"LAD@Atl 07:10PM ET",0.925,"LAD"
"RP","Caleb Cotham",4000,"Col@Cin 07:10PM ET",2.621,"Cin"
"RP","Brian Moran",4000,"Sea@Cle 06:10PM ET",0,"Sea"
"SP","Miles Mikolas",4000,"Hou@Tex 08:05PM ET",0,"Tex"
"RP","Buddy Baumann",4000,"Pit@SD 10:10PM ET",0,"SD"
"RP","Rob Scahill",4000,"Pit@SD 10:10PM ET",1.617,"Pit"
"RP","Aaron Loup",4000,"Tor@Bal 07:05PM ET",0,"Tor"
"SP","Pierce Johnson",4000,"ChC@StL 08:15PM ET",0,"ChC"
"RP","Bryan Mitchell",4000,"Oak@NYY 07:05PM ET",0,"NYY"
"RP","A.J. Ramos",4000,"Was@Mia 07:10PM ET",4.000,"Mia"
"RP","Trevor Rosenthal",4000,"ChC@StL 08:15PM ET",5.130,"StL"
"RP","Zack Jones",4000,"Mil@Min 01:10PM ET",0,"Mil"
"SP","Dan Straily",4000,"Col@Cin 07:10PM ET",9.550,"Cin"
"RP","Keith Butler",4000,"ChC@StL 08:15PM ET",0,"StL"
"RP","Mario Hollands",4000,"NYM@Phi 07:05PM ET",0,"Phi"
"RP","Derek Law",4000,"Ari@SF 10:15PM ET",6.950,"SF"
"RP","Diego Moreno",4000,"Oak@NYY 07:05PM ET",0,"NYY"
"RP","Vidal Nuño",4000,"Sea@Cle 06:10PM ET",3.520,"Sea"
"RP","Jake Petricka",4000,"LAA@CWS 08:10PM ET",2.620,"CWS"
"RP","Mike Morin",4000,"LAA@CWS 08:10PM ET",1.669,"LAA"
"RP","Ken Giles",4000,"Hou@Tex 08:05PM ET",2.758,"Hou"
"RP","Paco Rodríguez",4000,"LAD@Atl 07:10PM ET",0,"Atl"
"RP","Josh Edgin",4000,"NYM@Phi 07:05PM ET",0,"NYM"
"RP","Jose Cisnero",4000,"Col@Cin 07:10PM ET",0,"Cin"
"RP","Enny Romero",4000,"TB@Bos 07:10PM ET",3.938,"TB"
"RP","Bruce Rondon",4000,"Det@KC 07:15PM ET",0,"Det"
"RP","Yhónathan Barrios",4000,"Mil@Min 01:10PM ET",0,"Mil"
"RP","Felipe Rivero",4000,"Was@Mia 07:10PM ET",3.542,"Was"
"RP","Angel Nesbitt",4000,"Det@KC 07:15PM ET",0,"Det"
"RP","Kirby Yates",4000,"Oak@NYY 07:05PM ET",3.125,"NYY"
"RP","Jairo Díaz",4000,"Col@Cin 07:10PM ET",0,"Col"
"RP","Hansel Robles",4000,"NYM@Phi 07:05PM ET",4.225,"NYM"
"RP","Yimi García",4000,"LAD@Atl 07:10PM ET",2.092,"LAD"
"RP","Lisalverto Bonilla",4000,"LAD@Atl 07:10PM ET",0,"LAD"
"RP","Aroldis Chapman",4000,"Oak@NYY 07:05PM ET",0,"NYY"
"RP","Seth Maness",4000,"ChC@StL 08:15PM ET",0.292,"StL"
"RP","Matt Barnes",4000,"TB@Bos 07:10PM ET",4.120,"Bos"
"RP","Tyler Thornburg",4000,"Mil@Min 01:10PM ET",5.490,"Mil"
"RP","Shawn Tolleson",4000,"Hou@Tex 08:05PM ET",0.033,"Tex"
"SP","Brandon Cumpton",4000,"Pit@SD 10:10PM ET",0,"Pit"
"RP","A.J. Schugel",4000,"Pit@SD 10:10PM ET",5.250,"Pit"
"OF","Kole Calhoun",4000,"LAA@CWS 08:10PM ET",7.385,"LAA"
"SP","Jesse Biddle",4000,"LAD@Atl 07:10PM ET",0,"Atl"
"RP","Addison Reed",4000,"NYM@Phi 07:05PM ET",3.108,"NYM"
"RP","Johnny Barbato",4000,"Oak@NYY 07:05PM ET",6.500,"NYY"
"RP","Josh Osich",4000,"Ari@SF 10:15PM ET",2.294,"SF"
"RP","Michael Mariot",4000,"NYM@Phi 07:05PM ET",0,"Phi"
"SP","Domingo Germán",4000,"Oak@NYY 07:05PM ET",0,"NYY"
"RP","Chasen Shreve",4000,"Oak@NYY 07:05PM ET",3.070,"NYY"
"SP","Kyle Ryan",4000,"Det@KC 07:15PM ET",2.783,"Det"
"RP","Ryan O'Rourke",4000,"Mil@Min 01:10PM ET",0.750,"Min"
"RP","Cody Allen",4000,"Sea@Cle 06:10PM ET",1.463,"Cle"
"RP","Adam Liberatore",4000,"LAD@Atl 07:10PM ET",5.900,"LAD"
"RP","Blake Treinen",4000,"Was@Mia 07:10PM ET",4.420,"Was"
"RP","Casey Sadler",4000,"Pit@SD 10:10PM ET",0,"Pit"
"RP","Jeff Ferrell",4000,"Det@KC 07:15PM ET",0,"Det"
"RP","Álex Cláudio",4000,"Hou@Tex 08:05PM ET",4.100,"Tex"
"RP","Dan Winkler",4000,"LAD@Atl 07:10PM ET",4.217,"Atl"
"RP","Héctor Neris",4000,"NYM@Phi 07:05PM ET",4.286,"Phi"
"RP","Frankie Montás",4000,"LAD@Atl 07:10PM ET",0,"LAD"
"RP","Jack Leathersich",4000,"ChC@StL 08:15PM ET",0,"ChC"
"RP","Tony Zych",4000,"Sea@Cle 06:10PM ET",5.000,"Sea"
"RP","Andrew McKirahan",4000,"LAD@Atl 07:10PM ET",0,"Atl"
"RP","R.J. Álvarez",4000,"Oak@NYY 07:05PM ET",0,"Oak"
"SP","Tyler Anderson",4000,"Col@Cin 07:10PM ET",0,"Col"
"RP","Drew VerHagen",4000,"Det@KC 07:15PM ET",0.900,"Det"
"OF","Kevin Pillar",4000,"Tor@Bal 07:05PM ET",6.071,"Tor"
"RP","Roberto Osuna",4000,"Tor@Bal 07:05PM ET",3.850,"Tor"
"RP","Luis Perdomo",4000,"Pit@SD 10:10PM ET",0.690,"SD"
"RP","Andrew Chafin",4000,"Ari@SF 10:15PM ET",1.800,"Ari"
"RP","Carter Capps",4000,"Was@Mia 07:10PM ET",0,"Mia"
"RP","Evan Marshall",4000,"Ari@SF 10:15PM ET",8.500,"Ari"
"RP","Tony Cingrani",4000,"Col@Cin 07:10PM ET",2.171,"Cin"
"RP","Noé Ramírez",4000,"TB@Bos 07:10PM ET",2.783,"Bos"
"RP","Carson Smith",4000,"TB@Bos 07:10PM ET",0,"Bos"
"RP","Kevin Quackenbush",4000,"Pit@SD 10:10PM ET",2.114,"SD"
"RP","Aaron Brooks",4000,"ChC@StL 08:15PM ET",0,"ChC"
"RP","Branden Pinder",4000,"Oak@NYY 07:05PM ET",0,"NYY"
"RP","Elvis Araujo",4000,"NYM@Phi 07:05PM ET",2.283,"Phi"
"RP","Joe Biagini",4000,"Tor@Bal 07:05PM ET",4.667,"Tor"
"RP","Kyle Barraclough",4000,"Was@Mia 07:10PM ET",5.050,"Mia"
"RP","Keone Kela",4000,"Hou@Tex 08:05PM ET",4.658,"Tex"
"RP","Raudel Lazo",4000,"Was@Mia 07:10PM ET",0,"Mia"
"RP","Daniel Stumpf",4000,"NYM@Phi 07:05PM ET",-2.100,"Phi"
"RP","Matt Bowman",4000,"ChC@StL 08:15PM ET",3.138,"StL"
"RP","Shae Simmons",4000,"LAD@Atl 07:10PM ET",0,"Atl"
"RP","Ryan Dull",4000,"Oak@NYY 07:05PM ET",4.843,"Oak"
"RP","Miguel Castro",4000,"Col@Cin 07:10PM ET",4.183,"Col"
"RP","Nick Rumbelow",4000,"Oak@NYY 07:05PM ET",0,"NYY"
"SP","Julio Urias",4000,"LAD@Atl 07:10PM ET",0,"LAD"
"RP","Corey Knebel",4000,"Mil@Min 01:10PM ET",0,"Mil"
"RP","Dalier Hinojosa",4000,"NYM@Phi 07:05PM ET",1.710,"Phi"
"RP","Greg Mahle",4000,"LAA@CWS 08:10PM ET",2.238,"LAA"
"1B","Mike Napoli",3900,"Sea@Cle 06:10PM ET",8.400,"Cle"
"OF","Ángel Pagán",3900,"Ari@SF 10:15PM ET",9.786,"SF"
"1B","Ryan Howard",3900,"NYM@Phi 07:05PM ET",6.000,"Phi"
"1B","Hanley Ramírez",3900,"TB@Bos 07:10PM ET",8.167,"Bos"
"C","Russell Martin",3900,"Tor@Bal 07:05PM ET",2.769,"Tor"
"2B","Ian Kinsler",3900,"Det@KC 07:15PM ET",12.000,"Det"
"2B","Dustin Pedroia",3900,"TB@Bos 07:10PM ET",6.909,"Bos"
"OF","Michael Saunders",3900,"Tor@Bal 07:05PM ET",6.727,"Tor"
"OF","Michael Brantley",3900,"Sea@Cle 06:10PM ET",0,"Cle"
"OF","Ryan Braun",3900,"Mil@Min 01:10PM ET",8.500,"Mil"
"3B","Evan Longoria",3900,"TB@Bos 07:10PM ET",6.917,"TB"
"OF","Jarrod Dyson",3900,"Det@KC 07:15PM ET",0,"KC"
"3B","Mike Moustakas",3900,"Det@KC 07:15PM ET",8.364,"KC"
"2B","Dee Gordon",3900,"Was@Mia 07:10PM ET",9.818,"Mia"
"OF","Billy Burns",3900,"Oak@NYY 07:05PM ET",6.778,"Oak"
"3B","Anthony Rendón",3900,"Was@Mia 07:10PM ET",5.750,"Was"
"OF","Aaron Altherr",3900,"NYM@Phi 07:05PM ET",0,"Phi"
"OF","J.D. Martínez",3900,"Det@KC 07:15PM ET",9.455,"Det"
"OF","Delino DeShields",3900,"Hou@Tex 08:05PM ET",8.917,"Tex"
"3B","Maikel Franco",3900,"NYM@Phi 07:05PM ET",6.231,"Phi"
"SS","Xander Bogaerts",3900,"TB@Bos 07:10PM ET",8.000,"Bos"
"2B","Rougned Odor",3900,"Hou@Tex 08:05PM ET",7.308,"Tex"
"OF","Marlon Byrd",3800,"Sea@Cle 06:10PM ET",5.375,"Cle"
"OF","Nelson Cruz",3800,"Sea@Cle 06:10PM ET",8.250,"Sea"
"C","Brian McCann",3800,"Oak@NYY 07:05PM ET",9.778,"NYY"
"OF","Curtis Granderson",3800,"NYM@Phi 07:05PM ET",5.417,"NYM"
"2B","Ben Zobrist",3800,"ChC@StL 08:15PM ET",6.750,"ChC"
"OF","Colby Rasmus",3800,"Hou@Tex 08:05PM ET",8.308,"Hou"
"3B","Chase Headley",3800,"Oak@NYY 07:05PM ET",5.444,"NYY"
"1B","Carlos Santana",3800,"Sea@Cle 06:10PM ET",7.500,"Cle"
"OF","Alex Gordon",3800,"Det@KC 07:15PM ET",5.250,"KC"
"2B","Daniel Murphy",3800,"Was@Mia 07:10PM ET",10.833,"Was"
"1B","Mitch Moreland",3800,"Hou@Tex 08:05PM ET",6.455,"Tex"
"2B","Jason Kipnis",3800,"Sea@Cle 06:10PM ET",9.200,"Cle"
"OF","Billy Hamilton",3800,"Col@Cin 07:10PM ET",4.750,"Cin"
"OF","Brock Holt",3800,"TB@Bos 07:10PM ET",9.556,"Bos"
"C","Tony Wolters",3800,"Col@Cin 07:10PM ET",6.286,"Col"
"SS","Francisco Lindor",3800,"Sea@Cle 06:10PM ET",8.000,"Cle"
"1B","Byung Ho Park",3800,"Mil@Min 01:10PM ET",6.818,"Min"
"OF","Carlos Beltrán",3700,"Oak@NYY 07:05PM ET",8.636,"NYY"
"SS","Jimmy Rollins",3700,"LAA@CWS 08:10PM ET",6.200,"CWS"
"1B","Adrián González",3700,"LAD@Atl 07:10PM ET",7.769,"LAD"
"1B","Joe Mauer",3700,"Mil@Min 01:10PM ET",7.923,"Min"
"3B","David Wright",3700,"NYM@Phi 07:05PM ET",9.700,"NYM"
"OF","Nick Markakis",3700,"LAD@Atl 07:10PM ET",9.583,"Atl"
"OF","Ian Desmond",3700,"Hou@Tex 08:05PM ET",3.667,"Tex"
"OF","Hunter Pence",3700,"Ari@SF 10:15PM ET",7.500,"SF"
"1B","Lucas Duda",3700,"NYM@Phi 07:05PM ET",5.750,"NYM"
"C","Salvador Pérez",3700,"Det@KC 07:15PM ET",5.583,"KC"
"C","Buster Posey",3700,"Ari@SF 10:15PM ET",7.250,"SF"
"2B","Scooter Gennett",3700,"Mil@Min 01:10PM ET",7.692,"Mil"
"OF","Corey Dickerson",3700,"TB@Bos 07:10PM ET",6.091,"TB"
"OF","Evan Gattis",3700,"Hou@Tex 08:05PM ET",2.000,"Hou"
"OF","Tyler Goeddel",3700,"NYM@Phi 07:05PM ET",0.625,"Phi"
"OF","Jorge Soler",3700,"ChC@StL 08:15PM ET",5.692,"ChC"
"OF","Melvin Upton Jr.",3600,"Pit@SD 10:10PM ET",8.077,"SD"
"SS","Alcides Escobar",3600,"Det@KC 07:15PM ET",6.583,"KC"
"3B","Trevor Plouffe",3600,"Mil@Min 01:10PM ET",6.917,"Min"
"OF","Mark Trumbo",3600,"Tor@Bal 07:05PM ET",12.636,"Bal"
"SS","Elvis Andrus",3600,"Hou@Tex 08:05PM ET",6.818,"Tex"
"1B/OF","Chris Colabello",3600,"Tor@Bal 07:05PM ET",1.333,"Tor"
"1B","Brandon Belt",3600,"Ari@SF 10:15PM ET",8.643,"SF"
"OF","Josh Reddick",3600,"Oak@NYY 07:05PM ET",7.308,"Oak"
"OF","Gerardo Parra",3600,"Col@Cin 07:10PM ET",7.333,"Col"
"2B","Brett Lawrie",3600,"LAA@CWS 08:10PM ET",5.923,"CWS"
"OF","Anthony Gose",3600,"Det@KC 07:15PM ET",4.800,"Det"
"2B","Josh Harrison",3600,"Pit@SD 10:10PM ET",7.615,"Pit"
"OF","Avisail García",3600,"LAA@CWS 08:10PM ET",5.750,"CWS"
"OF","Kevin Kiermaier",3600,"TB@Bos 07:10PM ET",4.636,"TB"
"1B","A.J. Reed",3600,"Hou@Tex 08:05PM ET",0,"Hou"
"OF","Byron Buxton",3600,"Mil@Min 01:10PM ET",3.538,"Min"
"OF","Yasiel Puig",3600,"LAD@Atl 07:10PM ET",9.154,"LAD"
"1B","Adam LaRoche",3500,"LAA@CWS 08:10PM ET",0,"CWS"
"C","Yadier Molina",3500,"ChC@StL 08:15PM ET",6.769,"StL"
"OF","Rajai Davis",3500,"Sea@Cle 06:10PM ET",8.600,"Cle"
"OF","Jay Bruce",3500,"Col@Cin 07:10PM ET",8.846,"Cin"
"1B/OF","Steve Pearce",3500,"TB@Bos 07:10PM ET",3.000,"TB"
"C","Francisco Cervelli",3500,"Pit@SD 10:10PM ET",8.182,"Pit"
"1B","Logan Morrison",3500,"TB@Bos 07:10PM ET",1.200,"TB"
"OF","Desmond Jennings",3500,"TB@Bos 07:10PM ET",5.455,"TB"
"OF","Jason Heyward",3500,"ChC@StL 08:15PM ET",5.846,"ChC"
"1B","Freddie Freeman",3500,"LAD@Atl 07:10PM ET",5.909,"Atl"
"1B","Justin Smoak",3500,"Tor@Bal 07:05PM ET",1.833,"Tor"
"OF","Reymond Fuentes",3500,"Det@KC 07:15PM ET",3.833,"KC"
"2B","DJ LeMahieu",3500,"Col@Cin 07:10PM ET",10.000,"Col"
"3B","Kyle Seager",3500,"Sea@Cle 06:10PM ET",6.000,"Sea"
"OF","Oswaldo Arcia",3500,"Mil@Min 01:10PM ET",6.667,"Min"
"OF","Stephen Piscotty",3500,"ChC@StL 08:15PM ET",8.500,"StL"
"OF","Odubel Herrera",3500,"NYM@Phi 07:05PM ET",7.357,"Phi"
"1B/OF","Mark Canha",3500,"Oak@NYY 07:05PM ET",3.500,"Oak"
"3B","Nick Castellanos",3500,"Det@KC 07:15PM ET",8.636,"Det"
"OF","Christian Yelich",3500,"Was@Mia 07:10PM ET",9.818,"Mia"
"3B","Travis Shaw",3500,"TB@Bos 07:10PM ET",8.250,"Bos"
"SS","Brad Miller",3500,"TB@Bos 07:10PM ET",3.364,"TB"
"3B/SS","Jung Ho Kang",3500,"Pit@SD 10:10PM ET",0,"Pit"
"OF","Josh Hamilton",3400,"Hou@Tex 08:05PM ET",0,"Tex"
"2B","Howie Kendrick",3400,"LAD@Atl 07:10PM ET",3.333,"LAD"
"1B","Adam Lind",3400,"Sea@Cle 06:10PM ET",2.100,"Sea"
"2B","Neil Walker",3400,"NYM@Phi 07:05PM ET",7.583,"NYM"
"3B","Yunel Escobar",3400,"LAA@CWS 08:10PM ET",8.308,"LAA"
"OF","Austin Jackson",3400,"LAA@CWS 08:10PM ET",3.538,"CWS"
"3B","Justin Turner",3400,"LAD@Atl 07:10PM ET",6.333,"LAD"
"OF","Tommy Pham",3400,"ChC@StL 08:15PM ET",0.000,"StL"
"OF","Domonic Brown",3400,"Tor@Bal 07:05PM ET",0,"Tor"
"C","Jonathan Lucroy",3400,"Mil@Min 01:10PM ET",5.167,"Mil"
"OF","Ben Revere",3400,"Was@Mia 07:10PM ET",0.000,"Was"
"2B","Logan Forsythe",3400,"TB@Bos 07:10PM ET",6.273,"TB"
"2B","Kolten Wong",3400,"ChC@StL 08:15PM ET",4.182,"StL"
"2B","Starlin Castro",3400,"Oak@NYY 07:05PM ET",9.273,"NYY"
"2B","Jean Segura",3400,"Ari@SF 10:15PM ET",10.923,"Ari"
"2B","Jonathan Schoop",3400,"Tor@Bal 07:05PM ET",8.182,"Bal"
"OF","Eddie Rosario",3400,"Mil@Min 01:10PM ET",3.417,"Min"
"2B","Cory Spangenberg",3400,"Pit@SD 10:10PM ET",6.538,"SD"
"OF","Mallex Smith",3400,"LAD@Atl 07:10PM ET",5.000,"Atl"
"SS","Corey Seager",3400,"LAD@Atl 07:10PM ET",7.000,"LAD"
"OF","Rusney Castillo",3400,"TB@Bos 07:10PM ET",10.000,"Bos"
"2B/SS","Aledmys Diaz",3400,"ChC@StL 08:15PM ET",10.455,"StL"
"3B","Juan Uribe",3300,"Sea@Cle 06:10PM ET",3.222,"Cle"
"1B","Víctor Martínez",3300,"Det@KC 07:15PM ET",6.727,"Det"
"2B","Brandon Phillips",3300,"Col@Cin 07:10PM ET",7.000,"Cin"
"OF","Ryan Raburn",3300,"Col@Cin 07:10PM ET",4.100,"Col"
"SS","Jhonny Peralta",3300,"ChC@StL 08:15PM ET",0,"StL"
"C","Jarrod Saltalamacchia",3300,"Det@KC 07:15PM ET",12.429,"Det"
"OF","Melky Cabrera",3300,"LAA@CWS 08:10PM ET",4.923,"CWS"
"1B","Mark Reynolds",3300,"Col@Cin 07:10PM ET",4.700,"Col"
"1B","Chris Carter",3300,"Mil@Min 01:10PM ET",8.250,"Mil"
"C","Nick Hundley",3300,"Col@Cin 07:10PM ET",6.571,"Col"
"OF","Cameron Maybin",3300,"Det@KC 07:15PM ET",0,"Det"
"C","Hank Conger",3300,"TB@Bos 07:10PM ET",1.375,"TB"
"OF","David Peralta",3300,"Ari@SF 10:15PM ET",7.786,"Ari"
"OF","Ezequiel Carrera",3300,"Tor@Bal 07:05PM ET",1.600,"Tor"
"1B","Pedro Álvarez",3300,"Tor@Bal 07:05PM ET",4.250,"Bal"
"1B/OF","Hyun Soo Kim",3300,"Tor@Bal 07:05PM ET",5.000,"Bal"
"3B","Jake Lamb",3300,"Ari@SF 10:15PM ET",8.538,"Ari"
"OF","Joc Pederson",3300,"LAD@Atl 07:10PM ET",7.167,"LAD"
"2B","Joe Panik",3300,"Ari@SF 10:15PM ET",8.500,"SF"
"3B","Matt Duffy",3300,"Ari@SF 10:15PM ET",5.214,"SF"
"3B","Adonis Garcia",3300,"LAD@Atl 07:10PM ET",6.083,"Atl"
"SS","Addison Russell",3300,"ChC@StL 08:15PM ET",6.750,"ChC"
"1B/OF","Brandon Moss",3200,"ChC@StL 08:15PM ET",7.769,"StL"
"OF","Denard Span",3200,"Ari@SF 10:15PM ET",8.538,"SF"
"1B/OF","Matt Holliday",3200,"ChC@StL 08:15PM ET",7.231,"StL"
"1B","John Jaso",3200,"Pit@SD 10:10PM ET",7.833,"Pit"
"1B","Billy Butler",3200,"Oak@NYY 07:05PM ET",2.143,"Oak"
"OF","Nori Aoki",3200,"Sea@Cle 06:10PM ET",4.750,"Sea"
"3B","David Freese",3200,"Pit@SD 10:10PM ET",5.923,"Pit"
"3B","Danny Valencia",3200,"Oak@NYY 07:05PM ET",4.833,"Oak"
"OF","Khris Davis",3200,"Oak@NYY 07:05PM ET",2.727,"Oak"
"C","Wilson Ramos",3200,"Was@Mia 07:10PM ET",7.100,"Was"
"OF","Brandon Guyer",3200,"TB@Bos 07:10PM ET",6.143,"TB"
"SS","Zack Cozart",3200,"Col@Cin 07:10PM ET",8.556,"Cin"
"C","Derek Norris",3200,"Pit@SD 10:10PM ET",3.636,"SD"
"SS","Freddy Galvis",3200,"NYM@Phi 07:05PM ET",4.929,"Phi"
"OF","Kirk Nieuwenhuis",3200,"Mil@Min 01:10PM ET",3.900,"Mil"
"OF","Keon Broxton",3200,"Mil@Min 01:10PM ET",3.000,"Mil"
"2B/OF","Dustin Ackley",3200,"Oak@NYY 07:05PM ET",0.667,"NYY"
"OF","Randal Grichuk",3200,"ChC@StL 08:15PM ET",7.667,"StL"
"OF","Michael A. Taylor",3200,"Was@Mia 07:10PM ET",5.364,"Was"
"3B","Tyler Saladino",3200,"LAA@CWS 08:10PM ET",2.500,"CWS"
"SS","Jonathan Villar",3200,"Mil@Min 01:10PM ET",6.455,"Mil"
"C","Curt Casali",3200,"TB@Bos 07:10PM ET",1.875,"TB"
"3B/OF","Cody Asche",3200,"NYM@Phi 07:05PM ET",0,"Phi"
"SS","Marcus Semien",3200,"Oak@NYY 07:05PM ET",7.000,"Oak"
"OF","Max Kepler",3200,"Mil@Min 01:10PM ET",0.800,"Min"
"SS","Ketel Marte",3200,"Sea@Cle 06:10PM ET",3.909,"Sea"
"OF","Nomar Mazara",3200,"Hou@Tex 08:05PM ET",9.857,"Tex"
"2B","Chase Utley",3100,"LAD@Atl 07:10PM ET",6.636,"LAD"
"C","Robinson Chirinos",3100,"Hou@Tex 08:05PM ET",6.200,"Tex"
"SS","Asdrubal Cabrera",3100,"NYM@Phi 07:05PM ET",5.583,"NYM"
"C","Josh Thole",3100,"Tor@Bal 07:05PM ET",3.500,"Tor"
"3B/SS","Eduardo Núñez",3100,"Mil@Min 01:10PM ET",8.667,"Min"
"C","Matt Wieters",3100,"Tor@Bal 07:05PM ET",5.875,"Bal"
"C","Stephen Vogt",3100,"Oak@NYY 07:05PM ET",6.083,"Oak"
"C","Travis d'Arnaud",3100,"NYM@Phi 07:05PM ET",2.875,"NYM"
"OF","Matt Szczur",3100,"ChC@StL 08:15PM ET",5.182,"ChC"
"2B/SS","Tim Beckham",3100,"TB@Bos 07:10PM ET",5.667,"TB"
"1B","Yonder Alonso",3100,"Oak@NYY 07:05PM ET",1.923,"Oak"
"1B","Ike Davis",3100,"Hou@Tex 08:05PM ET",0,"Tex"
"2B","Johnny Giavotella",3100,"LAA@CWS 08:10PM ET",2.000,"LAA"
"1B/OF","Jerry Sands",3100,"LAA@CWS 08:10PM ET",3.800,"CWS"
"SS","Didi Gregorius",3100,"Oak@NYY 07:05PM ET",5.200,"NYY"
"OF","Jake Marisnick",3100,"Hou@Tex 08:05PM ET",0.778,"Hou"
"OF","Tyler Naquin",3100,"Sea@Cle 06:10PM ET",2.375,"Cle"
"OF","Ender Inciarte",3100,"LAD@Atl 07:10PM ET",3.333,"Atl"
"OF","Rafael Ortega",3100,"LAA@CWS 08:10PM ET",5.000,"LAA"
"SS","Andrelton Simmons",3100,"LAA@CWS 08:10PM ET",4.615,"LAA"
"OF","Mason Williams",3100,"Oak@NYY 07:05PM ET",0,"NYY"
"1B","C.J. Cron",3100,"LAA@CWS 08:10PM ET",3.154,"LAA"
"3B/OF","José Ramírez",3100,"Sea@Cle 06:10PM ET",7.000,"Cle"
"OF","Joey Rickard",3100,"Tor@Bal 07:05PM ET",7.000,"Bal"
"OF","Michael Conforto",3100,"NYM@Phi 07:05PM ET",7.545,"NYM"
"C/OF","Kyle Schwarber",3100,"ChC@StL 08:15PM ET",1.000,"ChC"
"C","Miguel Montero",3000,"ChC@StL 08:15PM ET",8.667,"ChC"
"OF","Chris Young",3000,"TB@Bos 07:10PM ET",1.714,"Bos"
"OF","Andre Ethier",3000,"LAD@Atl 07:10PM ET",0,"LAD"
"OF","Justin Ruggiano",3000,"Hou@Tex 08:05PM ET",7.000,"Tex"
"OF","Peter Bourjos",3000,"NYM@Phi 07:05PM ET",3.308,"Phi"
"OF","Chris Coghlan",3000,"Oak@NYY 07:05PM ET",3.600,"Oak"
"OF","Cedric Hunter",3000,"NYM@Phi 07:05PM ET",2.154,"Phi"
"C","Roberto Pérez",3000,"Sea@Cle 06:10PM ET",4.000,"Cle"
"C","Yasmani Grandal",3000,"LAD@Atl 07:10PM ET",7.000,"LAD"
"OF","Jabari Blash",3000,"Pit@SD 10:10PM ET",1.455,"SD"
"SS","Brandon Crawford",3000,"Ari@SF 10:15PM ET",6.538,"SF"
"1B/C","Álex Ávila",3000,"LAA@CWS 08:10PM ET",1.857,"CWS"
"OF","J.B. Shuck",3000,"LAA@CWS 08:10PM ET",0.500,"CWS"
"1B/OF","Ben Paulsen",3000,"Col@Cin 07:10PM ET",5.364,"Col"
"C","Yan Gomes",3000,"Sea@Cle 06:10PM ET",5.889,"Cle"
"OF","Matt den Dekker",3000,"Was@Mia 07:10PM ET",1.375,"Was"
"OF","Rymer Liriano",3000,"Mil@Min 01:10PM ET",0,"Mil"
"OF","Marcell Ozuna",3000,"Was@Mia 07:10PM ET",5.273,"Mia"
"2B","César Hernández",3000,"NYM@Phi 07:05PM ET",5.000,"Phi"
"OF","Domingo Santana",3000,"Mil@Min 01:10PM ET",7.000,"Mil"
"1B/OF","Ji-Man Choi",3000,"LAA@CWS 08:10PM ET",0.667,"LAA"
"3B/SS","Javier Báez",3000,"ChC@StL 08:15PM ET",5.333,"ChC"
"2B","Kelby Tomlinson",3000,"Ari@SF 10:15PM ET",1.333,"SF"
"2B/SS","Trea Turner",3000,"Was@Mia 07:10PM ET",0,"Was"
"3B","Héctor Olivera",3000,"LAD@Atl 07:10PM ET",4.000,"Atl"
"OF","Carl Crawford",2900,"LAD@Atl 07:10PM ET",3.800,"LAD"
"2B","Omar Infante",2900,"Det@KC 07:15PM ET",6.000,"KC"
"C","Dioner Navarro",2900,"LAA@CWS 08:10PM ET",1.000,"CWS"
"OF","Franklin Gutiérrez",2900,"Sea@Cle 06:10PM ET",2.600,"Sea"
"SS","Erick Aybar",2900,"LAD@Atl 07:10PM ET",3.182,"Atl"
"OF","Alejandro De Aza",2900,"NYM@Phi 07:05PM ET",2.636,"NYM"
"C","Carlos Corporán",2900,"Oak@NYY 07:05PM ET",0,"NYY"
"1B/OF","Seán Rodríguez",2900,"Pit@SD 10:10PM ET",4.222,"Pit"
"3B","Martín Prado",2900,"Was@Mia 07:10PM ET",7.000,"Mia"
"OF","Seth Smith",2900,"Sea@Cle 06:10PM ET",5.273,"Sea"
"3B","Luis Valbuena",2900,"Hou@Tex 08:05PM ET",3.750,"Hou"
"OF","Paulo Orlando",2900,"Det@KC 07:15PM ET",3.429,"KC"
"2B","Jimmy Paredes",2900,"Tor@Bal 07:05PM ET",0,"Bal"
"C","Devin Mesoraco",2900,"Col@Cin 07:10PM ET",2.600,"Cin"
"1B/OF","Clint Robinson",2900,"Was@Mia 07:10PM ET",1.571,"Was"
"2B/SS","Daniel Descalso",2900,"Col@Cin 07:10PM ET",0,"Col"
"3B","Eric Campbell",2900,"NYM@Phi 07:05PM ET",0.000,"NYM"
"C","Josh Phegley",2900,"Oak@NYY 07:05PM ET",5.200,"Oak"
"2B/SS","Chris Owings",2900,"Ari@SF 10:15PM ET",3.417,"Ari"
"C","John Ryan Murphy",2900,"Mil@Min 01:10PM ET",1.400,"Min"
"2B","Ryan Goins",2900,"Tor@Bal 07:05PM ET",3.692,"Tor"
"2B/OF","Kiké Hernández",2900,"LAD@Atl 07:10PM ET",7.167,"LAD"
"1B","Matt Adams",2900,"ChC@StL 08:15PM ET",2.385,"StL"
"OF","Eury Pérez",2900,"Hou@Tex 08:05PM ET",0,"Hou"
"OF","Yorman Rodríguez",2900,"Col@Cin 07:10PM ET",0,"Cin"
"OF","Jackie Bradley Jr.",2900,"TB@Bos 07:10PM ET",5.364,"Bos"
"OF","Adam Duvall",2900,"Col@Cin 07:10PM ET",4.800,"Cin"
"OF","Michael Reed",2900,"Mil@Min 01:10PM ET",0,"Mil"
"C","Trevor Brown",2900,"Ari@SF 10:15PM ET",12.400,"SF"
"OF","Yasmany Tomás",2900,"Ari@SF 10:15PM ET",8.545,"Ari"
"3B/OF","Alex Guerrero",2900,"LAD@Atl 07:10PM ET",0,"LAD"
"OF","Coco Crisp",2800,"Oak@NYY 07:05PM ET",5.727,"Oak"
"2B/OF","Kelly Johnson",2800,"LAD@Atl 07:10PM ET",2.727,"Atl"
"1B","Michael Morse",2800,"Pit@SD 10:10PM ET",0.000,"Pit"
"SS","J.J. Hardy",2800,"Tor@Bal 07:05PM ET",8.400,"Bal"
"OF","Gregor Blanco",2800,"Ari@SF 10:15PM ET",1.111,"SF"
"2B/3B","Andrés Blanco",2800,"NYM@Phi 07:05PM ET",3.750,"Phi"
"C","Ryan Hanigan",2800,"TB@Bos 07:10PM ET",2.333,"Bos"
"OF","Sam Fuld",2800,"Oak@NYY 07:05PM ET",0,"Oak"
"OF","Nolan Reimold",2800,"Tor@Bal 07:05PM ET",8.500,"Bal"
"2B","Jed Lowrie",2800,"Oak@NYY 07:05PM ET",4.462,"Oak"
"1B/OF","Scott Van Slyke",2800,"LAD@Atl 07:10PM ET",2.750,"LAD"
"3B/OF","Lonnie Chisenhall",2800,"Sea@Cle 06:10PM ET",0,"Cle"
"3B/SS","Marwin González",2800,"Hou@Tex 08:05PM ET",2.000,"Hou"
"3B/OF","Derek Dietrich",2800,"Was@Mia 07:10PM ET",3.250,"Mia"
"2B/SS","Christian Colón",2800,"Det@KC 07:15PM ET",2.000,"KC"
"OF","Bryce Brentz",2800,"TB@Bos 07:10PM ET",0,"Bos"
"SS","Alexei Ramírez",2800,"Pit@SD 10:10PM ET",4.231,"SD"
"1B/OF","Daniel Nava",2800,"LAA@CWS 08:10PM ET",2.750,"LAA"
"2B","Ryan Flaherty",2800,"Tor@Bal 07:05PM ET",3.333,"Bal"
"SS","Jordy Mercer",2800,"Pit@SD 10:10PM ET",5.385,"Pit"
"SS","Danny Espinosa",2800,"Was@Mia 07:10PM ET",3.667,"Was"
"C","Christian Vázquez",2800,"TB@Bos 07:10PM ET",5.000,"Bos"
"2B/SS","Wilmer Flores",2800,"NYM@Phi 07:05PM ET",1.286,"NYM"
"SS","Eduardo Escobar",2800,"Mil@Min 01:10PM ET",4.833,"Min"
"C","Dustin Garneau",2800,"Col@Cin 07:10PM ET",5.000,"Col"
"OF","Ramón Flores",2800,"Mil@Min 01:10PM ET",1.500,"Mil"
"2B/SS","Jedd Gyorko",2800,"ChC@StL 08:15PM ET",5.222,"StL"
"C","Justin O'Conner",2800,"TB@Bos 07:10PM ET",0,"TB"
"OF","Sócrates Brito",2800,"Ari@SF 10:15PM ET",4.800,"Ari"
"OF","Preston Tucker",2800,"Hou@Tex 08:05PM ET",5.900,"Hou"
"C","Austin Barnes",2800,"LAD@Atl 07:10PM ET",2.333,"LAD"
"OF","Tyler Collins",2800,"Det@KC 07:15PM ET",2.500,"Det"
"OF","Mac Williamson",2800,"Ari@SF 10:15PM ET",0.000,"SF"
"C","Carlos Ruiz",2700,"NYM@Phi 07:05PM ET",7.667,"Phi"
"OF","David Murphy",2700,"TB@Bos 07:10PM ET",0,"Bos"
"3B","Aaron Hill",2700,"Mil@Min 01:10PM ET",2.538,"Mil"
"3B/OF","Iván De Jesús Jr.",2700,"Col@Cin 07:10PM ET",2.143,"Cin"
"OF","Antoan Richardson",2700,"Pit@SD 10:10PM ET",0,"Pit"
"C","Tyler Flowers",2700,"LAD@Atl 07:10PM ET",4.750,"Atl"
"OF","Jon Jay",2700,"Pit@SD 10:10PM ET",6.167,"SD"
"C","Welington Castillo",2700,"Ari@SF 10:15PM ET",6.300,"Ari"
"2B","Darwin Barney",2700,"Tor@Bal 07:05PM ET",5.167,"Tor"
"1B/3B","Yangervis Solarte",2700,"Pit@SD 10:10PM ET",7.600,"SD"
"C","Caleb Joseph",2700,"Tor@Bal 07:05PM ET",3.750,"Bal"
"OF","Trayce Thompson",2700,"LAD@Atl 07:10PM ET",3.417,"LAD"
"1B","Justin Bour",2700,"Was@Mia 07:10PM ET",6.800,"Mia"
"SS","José Iglesias",2700,"Det@KC 07:15PM ET",6.000,"Det"
"C","Cameron Rupp",2700,"NYM@Phi 07:05PM ET",5.375,"Phi"
"2B/3B","Ronald Torreyes",2700,"Oak@NYY 07:05PM ET",8.750,"NYY"
"SS","Marco Hernández",2700,"TB@Bos 07:10PM ET",12.000,"Bos"
"OF","Scott Schebler",2700,"Col@Cin 07:10PM ET",3.917,"Cin"
"2B/SS","Daniel Castro",2700,"LAD@Atl 07:10PM ET",2.500,"Atl"
"OF","Travis Jankowski",2700,"Pit@SD 10:10PM ET",2.111,"SD"
"C","Blake Swihart",2700,"TB@Bos 07:10PM ET",4.833,"Bos"
"2B/OF","Jace Peterson",2700,"LAD@Atl 07:10PM ET",3.273,"Atl"
"2B/3B","Tommy La Stella",2700,"ChC@StL 08:15PM ET",3.333,"ChC"
"C","A.J. Pierzynski",2600,"LAD@Atl 07:10PM ET",4.667,"Atl"
"C","Geovany Soto",2600,"LAA@CWS 08:10PM ET",7.167,"LAA"
"3B","Pablo Sandoval",2600,"TB@Bos 07:10PM ET",0.667,"Bos"
"2B","Stephen Drew",2600,"Was@Mia 07:10PM ET",3.714,"Was"
"2B/SS","Cliff Pennington",2600,"LAA@CWS 08:10PM ET",3.500,"LAA"
"OF","Matt Joyce",2600,"Pit@SD 10:10PM ET",4.417,"Pit"
"1B","Dae-Ho Lee",2600,"Sea@Cle 06:10PM ET",4.222,"Sea"
"OF","Chris Heisey",2600,"Was@Mia 07:10PM ET",4.333,"Was"
"1B","Austin Romine",2600,"Oak@NYY 07:05PM ET",2.000,"NYY"
"C","Kyle Skipworth",2600,"Col@Cin 07:10PM ET",0,"Cin"
"1B","Brett Wallace",2600,"Pit@SD 10:10PM ET",1.000,"SD"
"C","Chris Herrmann",2600,"Ari@SF 10:15PM ET",1.167,"Ari"
"1B/OF","Darin Ruf",2600,"NYM@Phi 07:05PM ET",1.200,"Phi"
"OF","Tyler Holt",2600,"Col@Cin 07:10PM ET",1.000,"Cin"
"2B","Ryan Brett",2600,"TB@Bos 07:10PM ET",0,"TB"
"C","J.T. Realmuto",2600,"Was@Mia 07:10PM ET",5.000,"Mia"
"2B","Hanser Alberto",2600,"Hou@Tex 08:05PM ET",0.750,"Tex"
"C","Chris Iannetta",2500,"Sea@Cle 06:10PM ET",6.600,"Sea"
"C","Kurt Suzuki",2500,"Mil@Min 01:10PM ET",4.125,"Min"
"1B/OF","Kyle Blanks",2500,"Ari@SF 10:15PM ET",0,"SF"
"OF","Jordan Schafer",2500,"LAD@Atl 07:10PM ET",0,"LAD"
"OF","Brandon Barnes",2500,"Col@Cin 07:10PM ET",1.800,"Col"
"2B/SS","Emmanuel Burriss",2500,"NYM@Phi 07:05PM ET",1.900,"Phi"
"OF","Craig Gentry",2500,"LAA@CWS 08:10PM ET",2.800,"LAA"
"3B/SS","Rubén Tejada",2500,"ChC@StL 08:15PM ET",0,"StL"
"3B","Gordon Beckham",2500,"LAD@Atl 07:10PM ET",4.300,"Atl"
"C","Jason Castro",2500,"Hou@Tex 08:05PM ET",3.636,"Hou"
"OF","Leonys Martín",2500,"Sea@Cle 06:10PM ET",6.333,"Sea"
"2B/3B","Phil Gosselin",2500,"Ari@SF 10:15PM ET",3.333,"Ari"
"2B/SS","Greg García",2500,"ChC@StL 08:15PM ET",6.625,"StL"
"C","A.J. Ellis",2400,"LAD@Atl 07:10PM ET",5.250,"LAD"
"C","José Lobatón",2400,"Was@Mia 07:10PM ET",2.500,"Was"
"C","Chris Giménez",2400,"Hou@Tex 08:05PM ET",0,"Tex"
"C","Steve Clevenger",2400,"Sea@Cle 06:10PM ET",1.667,"Sea"
"OF","Juan Lagares",2400,"NYM@Phi 07:05PM ET",1.375,"NYM"
"2B","Eric Sogard",2400,"Oak@NYY 07:05PM ET",0,"Oak"
"3B/SS","Andrew Romine",2400,"Det@KC 07:15PM ET",1.000,"Det"
"OF","Collin Cowgill",2400,"Sea@Cle 06:10PM ET",0.625,"Cle"
"OF","Abraham Almonte",2400,"Sea@Cle 06:10PM ET",0,"Cle"
"C","Carlos Pérez",2400,"LAA@CWS 08:10PM ET",2.900,"LAA"
"SS","Danny Santana",2400,"Mil@Min 01:10PM ET",2.750,"Min"
"C","Elías Díaz",2400,"Pit@SD 10:10PM ET",0,"Pit"
"SS","Adeiny Hechavarria",2400,"Was@Mia 07:10PM ET",6.273,"Mia"
"OF","Juan Pérez",2400,"ChC@StL 08:15PM ET",0,"ChC"
"C","James McCann",2400,"Det@KC 07:15PM ET",2.500,"Det"
"OF","Ryan Rua",2400,"Hou@Tex 08:05PM ET",4.333,"Tex"
"C","Kevin Plawecki",2400,"NYM@Phi 07:05PM ET",3.400,"NYM"
"C","Chris Stewart",2300,"Pit@SD 10:10PM ET",7.333,"Pit"
"OF","Jeff Francoeur",2300,"LAD@Atl 07:10PM ET",0.875,"Atl"
"3B/OF","Mike Avilés",2300,"Det@KC 07:15PM ET",2.333,"Det"
"C","Drew Butera",2300,"Det@KC 07:15PM ET",2.500,"KC"
"OF","Drew Stubbs",2300,"LAD@Atl 07:10PM ET",5.500,"Atl"
"SS","Alexi Amarista",2300,"Pit@SD 10:10PM ET",6.143,"SD"
"C","Max Stassi",2300,"Hou@Tex 08:05PM ET",0,"Hou"
"SS","Nick Ahmed",2300,"Ari@SF 10:15PM ET",6.786,"Ari"
"C","David Ross",2200,"ChC@StL 08:15PM ET",5.400,"ChC"
"C","Brayan Peña",2200,"ChC@StL 08:15PM ET",0,"StL"
"C","Jordan Pacheco",2200,"Col@Cin 07:10PM ET",2.857,"Cin"
"3B/SS","Miguel Rojas",2200,"Was@Mia 07:10PM ET",1.833,"Mia"
"2B/SS","Ehire Adrianza",2200,"Ari@SF 10:15PM ET",3.500,"SF"
"C","Luke Maile",2200,"TB@Bos 07:10PM ET",0,"TB"
"2B/SS","Cristhian Adames",2200,"Col@Cin 07:10PM ET",1.000,"Col"
"C","Martín Maldonado",2100,"Mil@Min 01:10PM ET",1.000,"Mil"
"2B/SS","Yadiel Rivera",2100,"Mil@Min 01:10PM ET",3.667,"Mil"
"2B/3B","Brandon Drury",2100,"Ari@SF 10:15PM ET",4.636,"Ari"
"2B/SS","Rafael Furcal",2000,"Was@Mia 07:10PM ET",0,"Mia"
"OF","Ichiro Suzuki",2000,"Was@Mia 07:10PM ET",3.571,"Mia"
"1B/OF","Michael Cuddyer",2000,"NYM@Phi 07:05PM ET",0,"NYM"
"2B","Marco Scutaro",2000,"Ari@SF 10:15PM ET",0,"SF"
"1B","Jeff Baker",2000,"Was@Mia 07:10PM ET",0,"Mia"
"C","Gerald Laird",2000,"Ari@SF 10:15PM ET",0,"Ari"
"1B/OF","Corey Hart",2000,"Pit@SD 10:10PM ET",0,"Pit"
"OF","Nate McLouth",2000,"Was@Mia 07:10PM ET",0,"Was"
"C","Jeff Mathis",2000,"Was@Mia 07:10PM ET",7.000,"Mia"
"3B","Don Kelly",2000,"Was@Mia 07:10PM ET",0,"Mia"
"1B/C","Erik Kratz",2000,"Hou@Tex 08:05PM ET",0.000,"Hou"
"C","Bobby Wilson",2000,"Det@KC 07:15PM ET",2.000,"Det"
"2B/3B","Maicer Izturis",2000,"Tor@Bal 07:05PM ET",0,"Tor"
"OF","Rickie Weeks Jr.",2000,"Ari@SF 10:15PM ET",2.333,"Ari"
"1B/2B","Adam Rosales",2000,"Pit@SD 10:10PM ET",3.167,"SD"
"2B/SS","Justin Sellers",2000,"Pit@SD 10:10PM ET",0,"SD"
"1B/3B","Chris Johnson",2000,"Was@Mia 07:10PM ET",2.375,"Mia"
"OF/SS","Kristopher Negron",2000,"ChC@StL 08:15PM ET",0,"ChC"
"3B","Cole Figueroa",2000,"Pit@SD 10:10PM ET",0.000,"Pit"
"C","John Hester",2000,"LAA@CWS 08:10PM ET",0,"LAA"
"OF","Gorkys Hernández",2000,"Ari@SF 10:15PM ET",0,"SF"
"2B/3B","Elián Herrera",2000,"LAD@Atl 07:10PM ET",0,"LAD"
"3B","Josh Vitters",2000,"ChC@StL 08:15PM ET",0,"ChC"
"2B/SS","Charlie Culberson",2000,"LAD@Atl 07:10PM ET",3.714,"LAD"
"C","Jesús Sucre",2000,"Sea@Cle 06:10PM ET",0,"Sea"
"1B","Josh Satin",2000,"Pit@SD 10:10PM ET",0,"SD"
"C","Tim Federowicz",2000,"ChC@StL 08:15PM ET",0,"ChC"
"OF","César Puello",2000,"Oak@NYY 07:05PM ET",0,"NYY"
"1B/OF","Donald Lutz",2000,"Col@Cin 07:10PM ET",0,"Cin"
"C","Tucker Barnhart",2000,"Col@Cin 07:10PM ET",5.000,"Cin"
"C","Héctor Sánchez",2000,"LAA@CWS 08:10PM ET",0,"CWS"
"C","Christian Bethancourt",2000,"Pit@SD 10:10PM ET",3.000,"SD"
"2B/SS","Wilfredo Tovar",2000,"Mil@Min 01:10PM ET",0,"Min"
"2B/3B","Christian Villanueva",2000,"ChC@StL 08:15PM ET",0,"ChC"
"2B","Josh Rutledge",2000,"TB@Bos 07:10PM ET",7.000,"Bos"
"C","Bryan Holaday",2000,"Hou@Tex 08:05PM ET",4.833,"Tex"
"2B","Colin Walsh",2000,"Mil@Min 01:10PM ET",0.727,"Mil"
"C","Cody Stanley",2000,"ChC@StL 08:15PM ET",0,"StL"
"2B","Taylor Lindsey",2000,"Pit@SD 10:10PM ET",0,"SD"
"C","Brett Nicholas",2000,"Hou@Tex 08:05PM ET",6.333,"Tex"
"2B/SS","Luis Sardiñas",2000,"Sea@Cle 06:10PM ET",6.400,"Sea"
"1B","Greg Bird",2000,"Oak@NYY 07:05PM ET",0,"NYY"
"OF","Terrance Gore",2000,"Det@KC 07:15PM ET",3.500,"KC"
